topic_num	topic_size	topic_words
0	1655	cara, teemde, privejet, querida, lustgevoelen, dio, sensuele, liefdeloos, sensuel, mou, si, mio, sexappeal, zakenwereld, palazzo, handgemaakte, designkleding, grazie, roomwitte, pleziert, inademend, dolverliefd, tesoro, hotelsuite, koosnaampje, schokschouderde, schijnvertoning, mondain, sandaalt, roddelper, strapless, kwet, zakenimperium, workaholic, tintelden, bezitterigheid, besefte, honingkleurig, wegkeek, trouwerij, kasjmier, benadruken, azuurblauw, multimiljonair, zakendeal, werkneemster, doordringend, chiffon, inpalmen, overbrugen
1	576	lustgevoelen, heupwiegen, schatje, vluggertje, kontje, striptease, behaatje, valentijnsdag, niemendalle, voorsluiting, condooms, stripper, margarita, workaholic, erogen, verlekkeren, sex, cowboylaars, sexappeal, tailleband, leven, aanbiddelijk, sensuel, supersexy, plaagde, kingsiz, orgasmen, escapade, chocoladebruine, scharrel, bloedmooi, rollebollen, resort, jemig, sexy, sensuele, opwindends, sexyer, haltertopje, naaldhak, prive, sandaalt, openviel, stomerij, overbrugen, bubbelbad, clitoris, obill, inademend, huisgenoot
2	432	roept, fluistert, grinnikt, gilt, sist, piept, ssst, gluurt, brult, ploft, opschuden, veegt, tuurt, pfff, ploven, krabt, stormt, raapt, wipt, bukt, grijnst, propt, klapt, briesten, wrijft, blaassen, glipt, hapt, snuifen, kucht, pff, sluipt, glimen, sssst, wurmt, rolt, bromt, steekt, fietsenhok, doei, brmen, spreekbeurt, mompelt, trapt, lacht, grist, stampt, vist, giechelt, oprilen
3	420	spoedgeval, spreekuur, anesthesist, patiente, intensive, verloskundig, operatiekleding, stethoscoop, operatiekamer, verloskunde, opgepiept, kinderarts, pieper, behandelkamer, arts, hospital, orthopedie, ok, nachtdienst, rontgenfoto, kinderafdeling, beademing, antibiotica, kraamafdeling, intuberen, reanimatie, narcose, bloedonderzoek, orthopedisch, melbourne, chirurgie, oppiepen, ct, hoofdletsel, verpleging, zoutoplossing, polikliniek, toedienen, keizersnede, scan, triage, poli, ecg, canule, onderzoekkamer, assistent, katheter, rontgenafdeling, operatietafel, placenta
4	354	nochtans, komaan, stilaan, gsm, parking, job, vooraleer, miserie, kot, brussels, antwerps, euh, proper, gsmnummer, goesting, bijgevolg, verdict, plezant, antwerpen, vlaams, voormiddag, speurder, voordien, zaventem, oostende, flik, ontgoocheling, zogezegde, deurgat, gent, autosnelweg, voorhand, pv, gents, crapuul, evolueren, zijt, knokke, vlaming, sukkelaar, mechelen, recupereren, meermaals, contacteren, evident, nonkel, allez, klasseren, rijkswacht, schelde
5	317	vondelpark, schiphol, leidseplein, bitterbal, shag, know, like, lullen, please, gadverdamme, it, amsterdams, snot, never, grachtenpand, can, kroket, amsterdam, goor, spuug, there, veegt, kut, ie, see, bh, amstelveen, fietspad, plee, geilheid, wc, gezeik, rouwkaart, quote, almere, sure, tje, fucking, is, ehm, hilversum, only, randstad, drop, lacherig, koninginnedag, too, zeiken, opschuden, poep
6	269	fbi, fbiagent, agent, schietpartij, badge, huurmoordenaar, undercover, glock, hulpsheriff, security, schotwond, alarmnummer, agenten, motelkamer, undercoveragent, ciaagent, quantico, politiemen, kansas, alarmsysteem, vuurgevecht, kogelvrij, safehouse, neergeschoten, kogelgat, sheriff, kogelwond, semiautomatisch, aanknopingspunt, cia, drugskartel, handwapen, beschoten, sig, broekband, contactpersoon, bestuurderskant, neergeschieten, geluiddemper, scherpschutter, slechteri, stalker, ontvoerder, schouderholster, zendert, kartel, samenwerkte, gijzelen, ongewapen, moordzaken
7	264	schreien, neen, zo, elkander, eensklaps, sedert, nog, hem, harer, zoeven, zamen, goedig, eens, thans, gedurig, schuw, ginds, aanstonds, terwille, gaarne, vermoeienis, zoldering, wel, wien, tijding, dooreen, welks, ontzaglijk, menschen, brilleglas, geleek, deernis, droef, helle, schemer, geboomte, placht, indie, armelijk, benauwenis, straatweg, zeide, es, kleinen, meelij, waarlijk, beginne, ledig, hoofdzaak, vrind
8	246	gendarmerie, franc, porte, gendarme, fascistisch, rue, carabinieri, calle, fascist, quai, montparnasse, lire, toulouse, lyceum, fusilleren, intellectueal, parijzenaar, della, marseille, opeenvolging, dermate, hypotheses, arrondissement, hypothese, genua, naargelang, turijn, avenida, bois, ontreddering, prefect, banaliteit, piazza, dictatuur, anarchist, communist, fuhrer, rolluiken, straathoek, oostenrijks, algerije, paradoxaal, communisme, porta, zwitser, montmartre, plataon, communistisch, avonds, verheft
9	239	shilling, rantsoen, pastorie, regiment, tinnen, middagmaal, emailal, loopgraf, latrine, leem, karren, middageten, fuhrer, doortrokken, nazi, geallieerd, eerwaarde, vergelen, kiezel, row, kraai, moffen, spoorweg, loopgraaf, mijnheer, reich, zuigeling, kalk, olielamp, rivieroever, kreupelhout, uitwerpselen, kamfer, aanvreten, vloerplanken, grammofoon, matroaz, schoorste, rozenkrans, gevlekt, inktpot, klokk, torenspits, klerk, zeildoek, vergeeld, kolonie, brandhout, pater, onderrok
10	233	sandaalt, resort, workaholic, ontkennend, nooten, zakenwereld, ranch, reservering, sensuele, strapless, houston, texaans, inademend, chocoladebruine, sexappeal, duizelde, durfde, lunchafspraak, smokingjasje, zakenrelatie, bubbelbad, huwelijksbootje, marketing, sexyer, aanbiddelijk, kantoorruimte, overbrugen, schokschouderde, dolverliefd, cocktailparty, afscheidskus, werkneemster, gastenlijst, hotelsuite, wijnproeverij, dallas, gefronste, chardonnay, plaagde, roomwitte, sensuel, openviel, eisend, afgeknipte, broekzakk, voorsluiting, cara, wijnmakerij, multimiljonair, studietijd
11	214	zo, polder, hbs, jenever, haarlem, zoldering, stationsplein, ballpoint, tramhalte, schevenings, verveloos, scheveningen, vondelpark, shag, rotterdam, waartussen, grammofoon, zandvoort, rijksdaalder, arnhem, hongerwinter, jongensboek, ijsselmeer, gymnasium, schemer, schoolschrift, ijl, schemren, brokkelig, stofjas, amstel, klomup, vitrage, bakeliet, sigarenwinkel, schrijfmachine, vergelen, bovenhuis, rui, plantsoen, brilleglas, groningen, celluloid, windstil, trapper, leidseplein, vooroorlogs, veraf, allengs, wassenaar
12	205	staarten, werp, opendoe, leun, fronst, fluister, knipper, omdraai, fucking, snuifen, leunmen, verstijf, stokt, omhelsen, draien, slaak, schraapt, grijnst, gebaart, baarten, opschuden, binnenkom, snuif, tuur, wrijft, glijd, veegt, voegt, aankijk, schuifel, reik, onderbreekken, gluur, aarzel, rolt, stamel, druipt, deins, gris, wrijf, grinnikt, tolt, grmen, likt, bestudeeren, wend, vang, strek, concentreeren, streel
13	203	ridge, ranch, lustgevoelen, ace, cowboylaars, sexyer, eli, cowboyhoed, scharrel, denver, nanny, dateten, thanksgiving, resort, brook, uptruck, verknallen, kookeiland, connor, oregon, seattle, werkneemster, rodeo, autostoel, verpest, vrijgezelle, texaans, pick, babykamer, springs, aanbiddelijk, ouderschap, sexy, afgaand, plaagde, vanity, datete, babysitter, slechterik, buffer, parker, grace, insgelijks, celibatair, bekaf, denim, sheriff, rondkeek, valley, opwelde
14	203	ranch, rodeo, kinderstoel, rancher, commode, cowboyhoed, texaans, kinderarts, ledikan, aanbiddelijk, wanget, babykamer, vertederd, dallas, jake, verschoonen, thanksgiving, autostoel, ranche, wange, dekentje, countrymuziek, luiertas, gefronste, verschoond, rugge, cowboylaars, vingert, sheriff, knuist, sandwiche, chocoladekoek, hank, aardappelpuree, pyjamaat, appeltaart, instoppen, stetson, babyfoon, slaapt, gezich, ouderschap, ademhaalde, babysitter, vaderfiguur, wyoming, antonio, neerzeten, koffiekop, lustgevoelen
15	201	stockholm, zweden, kronen, kopenhagen, oslo, noorwegen, denemarken, deens, noors, midzomer, fins, zweed, vooronderzoek, line, verhoren, ordner, politieacademie, lichtkegel, legitimatie, volvo, finland, strafregister, rechercheteam, fjord, kelderruimte, nor, wide, politiemen, hoofdbureau, moordzaken, geweldsdelict, villawijk, scandinavisch, messing, goddomme, avondkrant, rijkweg, smeriss, opsporing, bewakingscamera, scandinavie, freule, pagekapsel, nova, zomerhuis, oostzee, sankt, thomas, moordonderzoek, sterfgeval
16	199	edelman, dienstmeid, koetsier, bediend, hertog, lakei, pachter, chaperonne, japonan, meesteres, bruidsschat, rentmeester, verduiveld, madam, reverence, burggraaf, halsdoek, douairiere, stalknecht, erfgename, mousselinen, neeg, bedinen, hooggeboren, debutante, onderrok, wicht, dienstbode, kroes, mousseline, wambuis, postkoets, vrijster, deugdzaam, gezelschapsdame, middagmaal, hoveling, kamenier, matrone, staljongen, respectabel, buiginkje, soirees, sjees, jongemann, bedienden, respectabeel, hertogin, souper, struikrover
17	184	jersey, semester, stoned, campus, westen, michigan, maf, brooklyn, light, wiet, broadway, duimnagel, county, ohio, side, eerstejaar, thanksgiving, queens, mississippi, kauwgom, church, massachusetts, spuug, mcdonald, coole, joint, shirts, allejezus, sweatshirt, pennsylvania, minnesota, neuh, fluoresceren, hordeur, esdoorn, goddomme, missouri, chip, schilferig, schoenendoos, illinois, harvard, iowa, godvergeten, klonterig, gloeilamp, tandenstoker, godsamme, linoleum, glazuur
18	164	pfff, doei, fietsenhok, grinnikt, roept, tof, gym, gilt, ploft, sist, ehm, brugklas, please, meiden, pff, piept, opschuden, hey, fluistert, snapnen, floor, superleuk, appen, ploven, hehe, ssst, zoent, stamel, veegt, stift, proest, klapt, fietsenstalling, gris, grijnst, grist, schooltas, gluurt, chill, drop, thanks, is, probeeren, tsss, galmt, brugklasser, wurmt, giechelt, supergoed, bagagedrager
19	150	schiphol, kwartslag, tje, aansluitend, kansloos, amsterdams, gsm, bitterbal, leidseplein, marokkaan, intermediair, opsporing, routineus, gadverdamme, veluwe, dienstauto, nokia, vondelpark, grachtenpand, gezeik, amstelveen, liquidatie, it, almere, wallen, mimiek, scheveningen, discotheek, thanks, telegraaf, randstad, haags, iphone, tomtom, haarlem, bijlmer, pc, vermissing, shag, junk, surinaams, scooter, quote, duo, recherchewerk, wegwerpgebaar, verhoorkamer, rotonde, fietspad, strandtent
20	150	cognitief, feedback, psychology, interactie, social, innovatie, theory, definieren, zingeving, development, significant, human, extern, mindfulness, intrinsiek, zelfbeeld, nastreven, happiness, empathie, science, fundamentel, mind, mental, bovenstaan, economic, brain, psycholog, mechanism, review, autonomie, creeer, beleidsmaker, individuen, how, study, productiviteit, health, hieronder, ervaaren, spiritualiteit, perceptie, subjectief, toepasbaar, education, meditatie, meetbaar, ongelijkheid, effectiviteit, being, change
21	146	ranch, lodge, eetcafe, rodeo, creek, mustang, uptruck, point, idaho, mountain, springs, thanksgiving, fever, pick, quad, snow, colorado, rancher, aanbiddelijk, hope, kookeiland, brownie, josh, blokhut, dylan, skier, wyoming, arrenslee, sneeuwvrij, austin, ranchhuis, insgelijks, cove, tienermeisje, kerstkaart, canyon, picknicktafel, labrador, angel, resort, quilt, texaans, denver, silver, northern, eland, lastpak, drukak, afscheidskus, cowboyhoed
22	118	doelwitte, operationeel, geluiddemper, cia, rakett, ak, intelligence, veiligheidspal, vuurgevecht, defensie, forces, salvo, commandopost, security, nsa, terroristisch, ciaagent, scherpschutter, pentagon, luchtmachtbasis, beretta, nachtkijker, clark, kogelvrij, surveillance, glock, satelliet, raket, briefing, fbi, paramilitair, strijdkracht, afghanistan, vuurkracht, nucleair, analist, semiautomatisch, pantsren, bewakingscamera, kogelgat, command, toyota, secret, langley, kalasjnikov, handwapen, machinepistool, satellieat, lokaliseren, commandocentrum
23	118	institutie, europese, democratie, democratisch, eu, integratie, lidstaat, besluitvorming, populistisch, institutioneel, kiezer, invoering, welvaart, parlement, referendum, ongelijkheid, draagvlak, unie, globalisering, wetgeving, rechtsstaat, soevereiniteit, monetair, hervorming, regelgeving, parlementair, consensus, electoraal, coalitie, ideologisch, structureel, grondwet, econoom, stelsel, bestuurlijk, achterban, verenigd, werkloosheid, arbeidmarkt, inhoudelijk, pvda, naoorlogs, vraagstuk, economic, ideologie, beleidsmaker, kabinet, cda, oppositie, vvd
24	112	verwensen, drommels, beroepsmatig, geamuseerdheid, http, verkrampten, verandatrapje, dinee, producer, philadelphia, leven, showbusiness, verwensend, belichting, impresario, prive, ergerend, gewoontegetrouw, wetend, voorpanid, elementair, hemeltje, temperamentvol, harpercollins, opvliegend, schrijfmachine, productions, werktuiglijk, flair, com, slotsom, weerwil, bestierf, distingeren, eerzucht, tweezitsbankje, zijraamp, noodvaart, omspringen, vioolt, troonen, ziedend, bekwaamheid, vermout, oorlelletje, overreden, swan, kwistig, welbewust, orleans
25	107	lijkschouwer, patholoog, quantico, anatoom, autopsie, fbi, fbiagent, moordzaken, mortuarium, county, doodsoorzaak, nashville, moordzak, hulpsheriff, identificatie, dell, moordonderzoek, politiemen, tennessee, hulpsheriffs, agent, database, vermist, lijkschouwing, moordzaak, sheriff, vingerafdruk, police, bloedspetter, toxicologisch, schietpartij, csi, pathologie, politiewerk, glock, verhoorkamer, hoofdbureau, campus, criminal, kansas, antropoloog, patrouillewagen, patrouillewag, psychopaat, interstate, autopsierapport, politiekorps, alarmnummer, minnesota, aanknopingspunt
26	98	farao, romein, nijl, veldtocht, legioenen, spear, alexandrie, boogschutter, legioen, cavalerist, cohort, meren, metgezelel, garnizoen, bevelhebber, schilde, priesteres, cavalerie, meesteres, egypte, strijdmacht, colonne, hogepriester, malienkolder, egyptisch, noorderling, kudd, egyptenaar, tuniek, rijdier, regiment, keizerlijk, edel, achterhoede, schede, hades, wapenrusting, manschap, infanterie, stroomopwaarts, vloot, stadsmur, magier, lans, speren, eskader, leem, germaan, heraut, stadpoort
27	94	empirisch, filosofen, theory, filosoof, evolutie, synthese, science, fysisch, fundamentel, sciences, voorwoord, metafysica, beginsel, wiskundig, wijsgerig, denker, vorming, essay, tijdgenote, theologie, history, language, discours, historicus, vraagstuk, definieren, samenhang, verhandeling, political, wereldbeeld, nature, organisme, aristoteles, geschrift, paradox, politics, wijsbegeerte, schepping, notie, press, culture, evolutionair, radical, paradigma, theologisch, subjectief, institutie, human, mind, betogen
28	91	klit, clitoris, kutje, harlequin, vagina, neukken, nl, schaamlipap, geneukt, kinky, ku, neuk, kut, sub, dildo, billenkoek, penetreren, neukt, www, schaamlip, geile, seksclub, bondage, vibrator, klaarkom, schaamlippen, streel, zuig, streellen, glijmiddel, klaargekomen, orgasmes, venusheuvel, poesje, neukpartij, sapp, schaamlipp, triootje, aanraaklen, masturberen, penetratie, spreid, vulva, splee, anus, schaambeen, natheid, kronkel, pijpbeurt, schatje
29	85	frankfurt, hamburg, berlijns, ddr, dusseldorf, stockholm, zweden, frankfurter, sekt, dresden, munchen, keulen, bremen, noorwegen, kelderruimte, mark, kopenhagen, deens, gymnasium, deelstaat, oslo, mimiek, sankt, fuhrer, hannover, noors, duitsland, kronen, volvo, oostzee, huisdeur, peuken, lichtkegel, denemarken, hyper, aken, stuttgart, industriegebied, woonblok, zweed, leipzig, zum, polen, fur, pagekapsel, sind, duits, apathisch, wir, arisch
30	82	psalm, vliet, gereformeerd, gereformeerde, reformeren, terstond, orgel, bijbeltekst, andermaal, bach, liefelijk, hervormde, belijdenis, kansel, warempel, ouderling, delft, organist, polder, torenklok, schiedam, kerkganger, groote, waterweg, allengs, bijbelboek, menigmaal, psalom, here, roomse, kerke, ontzaglijk, derhalve, eertijds, calvinist, zondagmorgen, preekstoel, preeken, aldaar, evangelie, aangezicht, gedurig, opklinken, smartelijk, genesis, heeren, kerkdienst, theologisch, componeren, leids
31	79	nsb, onderduiker, moffen, razzia, ss, onderduiken, bezetter, ondergedoken, arnhem, hongerwinter, bombardement, wehrmacht, fusilleren, nazi, barak, amersfoort, concentratiekam, luchtalarm, mof, rotterdam, hbs, apeldoorn, bezetting, scheveningen, hitler, geallieerd, auschwitz, polen, onderdoken, groningen, ers, fuhrer, oostfront, friesland, haarlem, werkkamp, oorlogsjaar, indie, deporteren, dachau, interneren, achterhuis, oorlogjaar, breda, deportatie, utrecht, lyceum, leeuwarden, bosch, drenthe
32	76	mississippi, juryled, jurylede, county, beedigen, hooggerechtshof, jurylid, procederen, federaal, schikking, getuigenbank, gerechtgebouw, edelachtbaar, eiser, dodencel, aanklager, aanhangig, honoraria, tenlastelegging, griffier, doodstraf, advocaten, schrijfblok, hoorzitting, fbi, gedaagd, klan, zwarten, honorarium, advocatenfirma, videobeeld, voorwaardelijk, rechtenstudent, advocatuur, rechtenstudie, strafpleiter, detineren, strafzaak, kansas, deoadvocaat, edelachtbare, gaskamer, bewaring, tegenpartij, borgtocht, voorveranda, civiel, missouri, afgevaardigden, executeren
33	73	ranchhuis, rodeo, garrett, austin, ranch, tate, creek, springs, rancher, walker, mustang, pick, cowboyhoed, trailer, uptruck, silver, wyoming, cowboylaars, hulpsheriff, hordeur, ruin, arizona, sheriff, ranche, texaans, waterbak, josh, indian, antonio, melody, idaho, labrador, jim, spijkerjack, cheyenne, harley, county, zadelen, billy, three, mountain, blackjack, stacaravan, saloon, julies, tennessee, libby, coyote, gastenverblijf, altijd
34	71	redenaar, spreekwoord, welsprekendheid, aristoteles, filosofen, edel, filosoof, redevoering, plato, atheens, seneca, romein, oudheid, godheid, heraut, sparta, wijsgeer, geschrift, medeburger, hades, veldtocht, retorica, verzen, faam, tijdgenote, tijdgenoot, begeert, eruditie, constitutie, heerschappij, geleerdheid, traktaat, dwaashed, zegswijze, ambt, navolgen, lotgevalal, hoogmoed, edelman, vroomheid, gezant, leermeester, jupiter, aforisme, begiftigen, ijver, roemrijk, betonen, theolog, viii
35	70	jude, geamuseerdheid, myra, http, verwensen, yank, getuite, drommels, dublin, bevielen, atlantic, dinee, zeegezicht, voorpanid, gewoontegetrouw, wetend, popel, ierland, eerzucht, zweemp, whiskey, hooglanden, verkrampten, sudderen, doorvoer, shelby, maryland, gniffelend, vioolt, voorzover, alan, doorstroomen, elementair, stereo, tappen, verandatrapje, ergerend, faxen, flair, savannah, vormelijk, antiekwinkel, overreden, artieste, tronen, eerzuchtig, trouwbelofte, legend, turf, bedoelingen
36	68	abn, vvd, topman, cda, telegraaf, pvda, inhoudelijk, concern, bestuurlijk, achterban, kamerlid, nrc, handelsblad, belegger, volkskrant, aandeelhouder, bedrijfsleven, kabinet, amsterdams, elsevier, corporate, draagvlak, dagblad, partijgenoot, coalitie, verzekeraar, besluitvorming, klm, toezichthouder, populistisch, partijleider, oppositie, haags, institutioneel, nederlandsche, aantreden, jaarverslag, integratie, extern, electoraal, omstreden, europese, quote, zogeheten, kiezer, omzet, regelgeving, heineken, rendement, sp
37	67	demon, vampier, hoektand, demonen, wachter, sarren, demonisch, doder, staak, balde, bronx, bloedlijn, levensbloed, kruisboog, maker, afslachten, plunderaar, apocalyps, bloeddorstig, bloeddorst, sterfelijk, infecteren, gevest, afgeslacht, flippen, bezwering, waterspuwer, onderwereld, manna, uitroeien, aanvielen, menselijkheid, geneesmiddel, bloedzuiger, vrouwe, heksen, schaduwen, psychopaat, clan, merkteken, huls, doodt, hekserij, oogkas, verdoemden, epidemie, semiautomatisch, knipperde, ta, bovennatuurlijk
38	67	ooh, vondelpark, leidseplein, fietspad, hilversum, amsterdams, kroket, amsterdammer, haarlem, zwolle, almere, zandvoort, schiphol, lullen, leverworst, snackbar, ie, bitterbal, koninginnedag, kalverstraat, tsja, amsterdam, amstel, randstad, haags, drop, rotterdam, amstelveen, shag, tramhalte, had, brommer, sigare, haring, ijsselmeer, jordaan, telegraaf, veluwe, drenthe, was, artis, aldi, uitbater, arnhem, groningen, ijssel, jenever, parool, onderbroe, tap
39	66	banks, leeds, yorkshire, brigadier, hoofdinspecteur, arms, opschrijfboek, moordonderzoek, heide, opschrijfboekje, hoofdbureau, market, queen, richmond, voorzover, politiewerk, pint, verhoorkamer, politiemen, elpee, terrace, moordzaken, londen, yard, patholoog, scotland, lijkschouwing, moordzaak, maze, rijtjeshuis, kapwoning, sigarettenpeuk, gluurder, buurtonderzoek, cottage, marktplein, st, hampstead, bbc, telefooncel, midlands, identificatie, keit, diender, plaatsgehad, moordzak, politieserie, lijkschouwer, wijkagent, doodsoorzaak
40	66	bliken, communications, flynn, hudson, blikken, verdikkeme, toestelle, pr, reclamebureau, strapless, workaholic, exverloofde, weekeinde, zakenrelatie, weekeind, bella, elle, beverly, group, blikte, ontkurkte, inademend, insgelijks, botox, filmwereld, sexyer, cateraar, zakenwereld, hills, filmset, multimiljonair, cocktailjurk, opsnoof, account, boulevardbladen, vervangster, hardhouten, cocktailparty, bezitterigheid, welfde, reclamewereld, kookeiland, californisch, zitgedeelte, gastenlijst, bubbelbad, premiere, verknallen, bofkont, verloofde
41	66	schrijverschap, autobiografisch, oeuvre, proza, essay, hoofdfiguur, criticus, genre, postmodern, romanschrijver, verteller, verhalenbundel, tragiek, novelle, thematiek, lyriek, recensent, beeldend, polemiek, binnenwereld, autobiografie, stilistisch, paradoxaal, protagonist, portretteren, volkskrant, verhalen, being, engagement, satire, biograaf, existentieel, abstractie, vertelling, speelfilm, writer, parodie, romancier, letteren, memoires, nawoord, verhouden, banaliteit, esthetisch, plot, actualiteit, tijdgenote, recensie, authenticiteit, openbaren
42	65	brugklas, proefwerk, brugklasser, msn, fietsenhok, meiden, fietsenstalling, schooltas, havo, proefwerek, tof, doei, lesuur, gym, pfff, proefwer, vwo, schoolkrant, computeren, schoolfeest, pauzes, kerstvakantie, klasgenoot, pff, appen, appte, mwah, gymles, zakgeld, bagagedrager, chatten, herfstvakantie, hey, chill, drop, overhoren, broodtrommel, gymleraar, snelbinder, superleuk, hai, yeah, stift, sssst, woensdagmiddag, lesrooster, chillen, blowen, filmpje, aardrijkskun
43	64	fool, score, yogabroek, paper, patience, margarita, silver, runde, shelby, guacamole, footballspeler, cave, festival, football, eigenaresse, insgelijks, zomerkamp, thanksgiving, nacho, kookeiland, footballteam, brownie, bruidsjurken, brainstormen, babyshower, bruidswinkel, seattle, nerd, ongeplan, bruilofat, oregon, point, ranch, sacramento, buffer, uptruck, marketing, verknallen, afhaalmaaltijd, superleuk, yep, klembord, software, chase, jemig, mondhoeken, kwispelde, lasagne, josh, verwijdden
44	62	stuiver, ssst, koopman, veldwachter, middageten, landloper, toffees, boerin, brandewijn, smid, brandnetel, bedstee, haring, zuurt, molenaar, slee, petroleumlamp, matroaz, hei, stakker, appelboem, mozes, beschuit, knol, mussen, zo, koster, zwaluw, gehaktballe, leeuwerik, scheepsjongen, jongeheer, kiel, schipper, verstopten, melken, roept, wastobbe, gebrad, mennen, jak, burcht, vogelt, galg, schoenmaker, ransel, schildknaap, moffen, hooiwagen, broodkorst
45	61	geneukt, neukken, cross, clitoris, neuk, neukpartij, kinky, fucking, kutje, neukt, klaargekomen, geile, splee, kanjer, bezitterigheid, strengelde, eva, verkloot, schatje, omhoogkwam, kut, verkloten, vluggertje, buikspieren, jemig, bondage, penetreren, bullshit, samentrok, penetratie, geiler, neukten, pijpen, supersexy, flippen, opvulen, schaamlipap, huisgenoot, behoeftig, dijbenen, aanspanen, seksgod, hijgerig, ku, bh, triootje, koffietafel, masturberen, yorks, orgastisch
46	59	voorprogramma, soul, tournee, underground, roll, rolling, song, musicus, track, muziekindustrie, music, soundtrack, beatles, bandled, gitarist, demo, hitlijst, producer, gitaer, stones, records, akoestisch, rock, talking, drummer, night, popmuziek, fame, vocal, brothers, blues, get, componist, backstage, bassist, criticus, punk, promotor, around, opnamestudio, like, promoten, songtekst, boys, jamaicaans, need, elpee, gonna, cbs, dead
47	59	indisch, indonesisch, indonesie, javaans, maleis, java, jakarta, indie, javaan, sumatra, sambal, boy, hollander, nederlands, japanner, nasi, inlander, inlands, bali, sate, achtererf, batavia, klamboe, bamboe, regentijd, surinaams, hbs, koloniaal, borneo, rijstveld, interneren, suriname, europeaan, born, birma, toko, dysenterie, bami, brommer, boys, surinamer, made, bagagedrager, oerwoud, tropen, guinea, gluurt, bezetting, maleisie, haags
48	57	hampstead, kensington, voorzover, londen, st, gardens, terrace, pastorie, westminster, hogerhuis, sussex, lagerhuis, yorkshire, essex, notting, souterrain, scotland, brigadier, leeds, bristol, standard, midlands, church, hoofdinspecteur, shilling, rui, yard, zondagmorgen, evening, birmingham, surrey, rijtjeshuis, piccadilly, metrostation, anglicaans, cottage, vrijstaand, knightsbridge, tuindeur, indiaas, indias, binnengegaan, leicester, theem, pence, dove, common, tuinhek, huisnummer, huizenrij
49	57	lantaar, schemer, lantaren, zoldering, schevenings, jongensboek, droef, treurnis, zo, verzinken, smartelijk, ijl, fijnzinnig, deernis, benauwenis, waarlijk, verdonkeren, veraf, avondlijk, innigheid, verteller, terugblik, floer, handenwrijven, vervluchtigen, diabolisch, schreien, bevreemding, plompe, scheveningen, waterpartij, rieken, gedurig, aangezicht, bolhoed, knoken, baardig, geboomte, hummen, douanier, kleumen, ontstemming, gestalt, sonoor, middels, placht, schuw, toneelspeler, zwerk, ontzaglijk
50	56	polder, arnhem, drenthe, nijmegen, groningen, friesland, veluwe, achterhoek, amsterdammer, parool, amsterdams, haags, haarlem, courant, rotterdam, fries, enschede, limburg, wageningen, gronings, ijssel, randstad, holland, utrecht, kievit, gelderland, utrechts, overijssel, proza, hongerwinter, hilversum, zo, brabant, nrc, leeuwarden, ijsselmeer, deventer, telegraaf, artis, groninger, zwolle, handelsblad, brabants, rotterdams, scheveningen, maastricht, zutphen, vondelpark, vaderlands, gereformeerd
51	55	harlequin, nl, korset, hemeltjelief, clitoris, burggraaf, schaamlipap, gravin, www, dienstmeid, edelman, natheid, koetsier, kutje, hertog, lakei, dijbenen, geneukt, meesteres, neukpartij, schaamlip, hertogin, venusheuvel, petticoat, ku, neukken, hofdame, onderjurk, losbandigheid, vleselijk, boudoir, sabbelen, neuk, kuise, canape, vagina, schaamlipp, sapp, madam, onderkleding, onderrok, kut, ambachtsman, versailles, geslachtsdeel, jongemannen, roede, reverence, strakgespannen, splee
52	55	doelpunt, keeper, elftal, goal, penalty, doelman, middenvelder, voetballer, scheidsrechter, fc, voetbalschoen, stadion, voetbalveld, verdediger, supporter, voorzet, middenveld, blesseren, thuiswedstrijd, profvoetballer, aftrap, medespelers, coach, kampioenschap, wk, gelijkspel, champions, ajax, hockey, voetbalclub, warming, voetbalen, clubhuis, fluitsignaal, trainingspak, league, aanvoerder, eredivisie, blessure, real, kansloos, toernooi, bo, scheid, rugnummer, schijnbeweging, meiden, barcelona, tackle, ek
53	54	roebel, moskou, siberisch, petersburg, russin, siberie, leningrad, kaukasus, tsaar, kremlin, oekraine, fins, slavisch, kiev, sovjet, armeens, baltisch, sint, snorre, jenever, walm, oekrainer, pools, polen, oostzee, rusland, badplaats, cyrillisch, troebeel, onafzienbaar, gymnasium, rijksdaalder, bontjas, bolsjewiek, haring, communisme, potsierlijk, flets, mongools, jiddisch, morsig, balsemen, krim, hermitage, hoofdstedelijk, socialistische, creperen, communistisch, visum, steppe
54	54	huisgenoot, jakkes, vogue, stomerij, broadway, sullig, uitverkoop, neurotisch, hmmm, maf, uitgroei, minirok, starbucks, hetero, fohn, meiden, giechel, cosmopolitan, haarlak, brooklyn, getver, jemig, sex, lesbisch, snoezig, bloedmooi, leven, griet, plee, side, geschift, ted, bomvol, party, bindingsangst, showen, oprah, gadver, zakkenwasser, knalroos, onstellen, huisgenote, reclamebureau, depri, tieten, girls, vriend, godsamme, eyeliner, yorks
55	52	kgb, telegram, scotland, kolonel, yard, geheime, moskou, voorzover, cia, airways, majoor, buitenlandse, evenwijdig, machinepistool, functionaris, beretta, duitsland, binnenlandse, sigarettenkoker, telefooncel, franc, oost, geluiddemper, whitehall, heathrow, valuta, kruiser, beduiden, secretaris, luchtmachtbasis, onderofficier, hamburg, defensie, codenaam, veiligheidspal, sergeant, binnenlands, west, schrijfmachine, mijl, spoorweg, jakhals, detachement, brittannie, sovjet, shilling, brigadier, machinerie, groot, jaguar
56	52	eekhoorn, egel, lijster, tor, schildpad, kwaken, wilg, beuk, sprinkhaan, steelt, slurf, nijlpaard, zwaan, zwaluw, snoek, woei, mus, karper, kraai, reiger, populier, mol, neushoorn, voelsprieten, houtworm, walrus, rups, voelsprie, giraffe, vuurvlieg, hola, distel, walvis, geachte, snipper, rilden, gekwaak, rozenstruik, grasspriet, leeuwerik, danspas, kroos, horzel, linde, droefgeestig, inktvis, windstil, nachtegaal, braamstruik, hommel
57	50	elftal, wk, voetballer, doelpunt, fc, champions, middenvelder, doelman, stadion, penalty, league, keeper, supporter, goal, ajax, real, wereldkampioen, scheidsrechter, profvoetballer, voetbalclub, olympisch, barcelona, eredivisie, aftrap, verdediger, blessure, transfer, thuiswedstrijd, kampioenschap, united, inter, medespelers, olympische, voorzet, middenveld, ek, gelijkspel, aanvoerder, manchester, kansloos, braziliaan, zege, voetbalschoen, duel, blesseren, rugnummer, official, voetbalen, braziliaans, cup
58	49	ns, alleszins, bakkes, schijten, kloten, allicht, kakken, poetsvrouw, pils, wijv, gent, marlboro, smoel, debiel, kloot, godverdomom, nochtans, godverdomde, tieten, zeiken, urineren, zeikerd, scheet, pissen, tiet, triumph, beffen, hoofdpersonage, propos, derhalve, keutel, gents, vlaams, drummen, pakweg, mest, sigare, poepen, miserie, neger, nitwit, aanvangen, fanta, ginder, aar, nederlandstalig, zulks, gezeik, daaromtrent, griet
59	47	peak, avery, hope, opsnorren, ryder, brads, tig, kamperfoelie, brad, godsamme, jeminee, rottig, godallemachtig, tiptop, ziezo, dochters, spurtte, owen, klapzoen, gallery, werkblad, juichkreet, jemig, ideet, gesnopen, tuk, godgans, cadeauwinkel, zoe, zwik, steengoed, spurten, bijkomstigheid, foeilelijk, kloken, montgomery, flynn, seksen, goddomme, parker, momen, turn, maf, vlaai, bekaf, pruttlen, plofken, lacherig, spuuglelijk, geinig
60	47	alien, garde, werp, tuur, fluister, baarten, omdraai, draien, ruimteschip, krachtveld, fronst, gebaart, ra, tuuren, staarten, controlepaneel, brult, rolt, telepathisch, grijnst, slaak, fluistert, gris, tuurt, opzweefen, druipt, klauter, strompel, klapt, stompt, knipper, collegezaal, verstijf, concentreeren, onzichtbaarheid, buk, speur, hef, uitsteekt, snuifen, raast, drone, grmen, leun, schraapt, omhelsen, schuifel, thuisbasis, hapt, uitstrekt
61	47	virgin, eureka, mel, doc, grants, blokhut, fortuna, marinier, sacramento, clear, irak, pass, valley, jachtseizoen, camper, blokhutten, oregon, korps, shelby, kweker, thanksgiving, herten, jeminee, hoogzwanger, pick, laadbak, zevenendertig, hummer, kunstbeen, caravan, walt, luke, labrador, prothese, werkrooster, idaho, jacks, point, uptruck, ontkennend, colorado, oorlogsgebied, apetrots, cameron, schoolbus, bodega, eetcafe, ian, afhaalmaaltijd, arizona
62	46	secret, fbi, federaal, pine, fbiagent, agenten, stone, nsa, doelwitte, cia, pentagon, analist, capitol, badge, security, vuurgevecht, office, oval, videobeeld, interstate, potomac, sig, intelligence, defensie, anatoom, glock, staatspolitie, semiautomatisch, dodencel, kogelvrij, databases, surveillance, defense, vuurkracht, mississippi, county, geluiddemper, alabama, virginia, quantico, georgetown, command, hooggerechtshof, federal, shaw, reagan, maryland, campus, doodschoot, scherpschutter
63	46	connecticut, jersey, fbi, county, harvard, aanklager, fbiagent, brooklyn, strafpleiter, moordzaak, schietpartij, side, schrijfblok, maandagavond, telefoongegeven, agenten, hedgefonds, news, queens, kerry, ophingen, pennsylvania, bewakingscamera, yorks, aanklagen, ted, verhoorkamer, seponeren, michigan, mississippi, bewakingsbeeld, voorbedachten, schikking, googelen, donderdagavond, hoofdverdachte, politiemen, campus, moordonderzoek, rechtenstudie, getuigenbank, tenlastelegging, parkway, gerechtgebouw, vingerafdruk, carolina, franklin, stanford, broadway, georgetown
64	45	fool, nevada, montana, charity, dakota, tyler, liz, embryo, wielrennen, festival, wielrenner, josh, crystal, drieling, realityshow, schuddend, dependance, zomerkamp, hogeschool, football, construction, cowboys, sportheld, sacramento, hai, signeren, congrescentrum, seattle, comeback, starbucks, gemeentelijk, morgan, provinciestad, waardeeren, naging, papierwinkel, statistisch, terechtkunnen, sponsor, france, boekhandel, voorhand, gemeenteraad, speelplein, abby, broekzakk, agendapunt, sponsoren, footballspeler, ontkennend
65	45	duvel, brugge, stilaan, bijgevolg, wachtdienst, procureur, flik, scheelt, perrier, tiens, ins, apprecieren, pv, onnozelaar, nochtans, knokke, zeedijk, rijkswacht, zogezegde, flikken, speurder, traen, kroegbaas, substituut, recupereren, kompaan, antwerps, huiszoeking, oostende, vette, buurtonderzoek, magistrat, vlaming, autosnelweg, repliceren, ostentatief, gsm, politiedienst, uitbater, parking, klasseren, nummerplaat, komaan, maandloon, pulkte, brussels, contacteren, bezwaren, obligaat, ontgoochelen
66	44	asielzoeker, volkskrant, voetnoot, avondwinkel, columnist, existentieel, econoom, vondelpark, geslachtsdeel, geilheid, langgeleden, holocaust, titelen, zelfbedrog, columns, georgisch, banaliteit, nrc, schuilkelder, overbodigheid, vpro, socioloog, amsterdam, turk, antisemitisme, leben, filosoof, schiphol, kapitalisme, lege, humanisme, monolog, curieus, verworden, antisemitisch, kookboek, auschwitz, ein, verhalenbundel, besneden, verhouden, uitgeverij, autobiografisch, handelsblad, concentratiekam, gymnasium, pretentie, ich, antisemiet, ist
67	43	zack, oekraiens, balletdanser, lower, getuite, balletdanseres, speelgoedwinkel, beroepsmatig, balletschoen, sydney, ruth, dinee, ballerina, verwensen, doorstroomen, ergerend, geamuseerdheid, gefronste, wetend, werktuiglijk, drommels, ingewonnen, penning, verstrengelde, fletcher, muziekkamer, gewoontegetrouw, vertolken, voorpanid, rookwolk, choice, nick, straatrover, bedoelingen, http, aspirientje, schielijk, verandatrapje, rachel, ruggegraat, mae, cdspeler, loodgieterswerk, leven, schoof, pirouette, notenkraker, weerwil, innemendste, radiostation
68	42	bliken, corporation, sire, chance, ecuador, drew, blikte, blikken, shore, babe, verdikkeme, afbrengen, bedwong, plaid, verstrengelden, gegeneerd, hikte, verzachtten, boffen, weekeinde, inademend, afbijten, insgelijks, grabbelde, sexappeal, plotsklaps, welgemeen, uitgrijpen, bijbedoeling, vluggertje, dinert, manshog, warmbloedig, welfde, kasjmier, inpalmen, vertroosten, lastpak, privelift, lunchafspraak, gelegenhede, ademhaalde, welfd, beveiligingsman, doetje, werkneemster, vrijmoedig, workaholic, wyoming, weekeind
69	41	weerwolf, stikdonker, fluistert, vampier, reisleider, doodskop, doodshoofd, ssst, vleermuis, geraamte, roept, sssst, gilt, griezelfilm, hoektand, mummie, spookhuis, aah, sist, grinnikt, griezelen, krabt, brult, deinst, oogkas, monsters, bloeddorstig, pff, grmen, getver, raapt, psst, zielt, pfff, bloedrood, stekeltjeshaar, snot, fietsenhok, loeihard, kromme, blikkeren, benig, krijzen, lichtgeven, voortand, tsss, oei, grafzerk, krasten, engeren
70	38	ya, aal, kroonprins, troonopvolger, koningschap, koningshuis, manipulatie, zandstorm, accepteer, maar, vleierij, privevliegveld, leeuwin, staatszaak, hoogheid, dictator, instortte, satijnzacht, grootsheid, coup, onacceptabel, nooten, onverzoenlijk, pion, machthebber, vindingrijk, personificatie, koosnaampje, vijandschap, ik, ongetemd, belichaming, volmaaktheid, lustgevoelen, driftbui, onervarenheid, geemotioneerd, scrupules, aanbidan, bloedlijn, onwaardig, inwilligen, pragmatisch, onbeheersbaar, monarch, dio, opwelde, roofdierachtig, staalharde, onaanvaardbaar
71	38	oppergod, sparta, heraut, hades, vrijer, trojaans, zeus, voedster, slavinnen, dodenrijk, jupiter, vloot, slavinn, romein, olympus, wapenrusting, edel, slavin, bode, gezant, veldtocht, roeier, atheens, gemalin, gebergte, dienaar, zeereis, kreta, nimfen, aanvoerder, burcht, meesteres, alexandrie, zeelui, priesteres, athene, purperen, boogschutter, thuisreis, landstreek, offerden, speren, oss, zonnegod, kudd, keizerlijk, soldij, scheep, bevelhebber, zwijn
72	37	voedingsmiddel, voedingsstof, koolhydrat, vitamine, eiwit, calorieen, hart, overgewicht, voedingsstoffen, obesitas, vett, plantaardig, calcium, enzym, supplement, aanmaak, darom, eetgewoonte, glucose, spijsvertering, diet, vermijd, cholesterol, zuivel, toxisch, eetlepel, immuunsysteem, stofwisseling, proteinen, stoelgang, of, essentiel, inname, darm, bevordren, mineralen, gezonder, gewichtstoename, binnenkrijgen, ontsteking, soja, gewichtsverlie, diabetes, vitamin, zuivelproduct, voedingswaarde, menopauze, eetpatroon, fermenteren, theelepel
73	37	rijkswacht, zopas, okay, antwerps, substituut, patron, euh, procureur, recupereren, pv, antwerpen, brussels, huiszoeking, godverdomde, deurgat, safe, gsm, nummerplaat, bijgevolg, repliceren, identiteitkaart, ostentatief, parking, stilaan, gsmnummer, nochtans, omstreeks, knokke, car, opus, asjeblieft, goesting, allez, speurder, klasseren, proper, vooraleer, federale, states, autosnelweg, mc, number, adjudant, soit, opel, politiedienst, corpulent, evident, magistrat, zo
74	36	suriname, surinaams, surinamer, plantage, javaan, hollander, indisch, javaans, bijlmer, indonesisch, indie, java, koloniaal, neger, nederlands, kroeshaar, afrikaan, antillen, moederland, geboorteland, inlands, inlander, achtererf, indonesie, sumatra, haags, tropen, amsterdams, rotterdam, curacao, geboortegrond, regentijd, europeaan, schiphol, batavia, kolonie, maleis, vondelpark, hbs, slavernij, binnenland, afschaffing, autochton, ghana, nasi, sambal, jakarta, delft, haarlem, inheems
75	36	sacramento, celgenoot, hulpsheriff, arizona, sheriff, hulpsheriffs, motelkamer, schietpartij, verkrachter, uptruck, department, pick, fbi, neergeschoten, moerasland, alarmnummer, county, lijkschouwer, pedofiel, slachtofferhulp, voorbedachten, ophingen, horse, honkbalknuppel, phoenix, voorwaardelijk, misdrijv, springs, drugsdeal, benzinestation, onderduikadres, interstate, pepperspray, neergeschieten, stacaravan, neergestoken, bestuurderskant, ingesproken, lexus, utah, smeris, bendeled, fbiagent, verlinken, telefoontje, kentekenplaat, highway, coyote, telefoonlijn, undercover
76	35	fotokopieen, roept, krachtens, postbus, behoudens, verveelvoudigen, bloemlezing, nur, piept, fluistert, blaf, gilt, vormgeving, tuurt, sist, woef, tilburg, reader, stormt, blaft, grinnikt, veegt, ssst, automatiseren, glipt, grijnst, ploft, opschuden, brmen, bukt, panter, snuifen, grmen, brult, uitgeverij, klapt, stuiven, zwiept, druppelt, uitgevers, sjokt, zakt, oprilen, krabt, briesten, sip, hapt, lacht, wrijft, raapt
77	34	ghana, hollander, suriname, afrikaan, mister, goudkust, portugees, portugezen, kalk, java, haarlem, sumatra, schiphol, bijlmer, surinaams, europeaan, schemer, wassenaar, oostindisch, geraamte, indie, indisch, fries, delfts, texel, golfplaat, neger, daaromheen, welcome, openlag, javaan, inlander, javaans, teil, basalt, suikerriet, lemen, koloniaal, delft, plantage, ballast, kroeshaar, leem, walm, haags, schonkig, regentijd, vrijplaats, olielamp, muskiet
78	34	faith, atlanta, investigation, hoogschool, neergestoken, sara, mortuarium, kunststof, county, smeris, georgia, tech, gamma, bitch, prison, politiekorps, lijkschouwer, patrouillewagen, moordzak, grant, angie, tennessee, speed, dodencel, alabama, allison, glock, politiemen, lichaamsvocht, tommy, klere, penning, studentenhuis, afvalbak, spoelbak, politieacademie, toxicologisch, souterrain, aangekoekte, hospital, steekwond, opengesneden, verhoorkamer, parkeerstand, heroine, arrestant, baptist, campus, bleekmiddel, transcriptie
79	33	st, scotland, yard, brigadier, hoofdinspecteur, terrace, voorzover, hampstead, londen, kensington, gardens, ness, schooluniform, leeds, aantekenboek, westminster, eton, dorset, anglicaans, cornwall, yorkshire, moordonderzoek, banks, lijkschouwing, market, theem, islington, hoofdbureau, voetpad, mill, moordzaken, telefooncel, vingerafdrukken, graafschap, lagerhuis, pastorie, pedofiel, belgravia, smeriss, shepherd, richmond, rijtjeshuis, heide, verhoorkamer, telegraph, ira, church, row, peter, camden
80	33	cia, cubaan, iranier, havana, liezen, moskou, cubaans, palestijn, negerin, kolonel, kgb, zippo, russin, koerd, beretta, iraans, israelisch, nissan, iraaks, cuba, aviv, palestijns, iran, schaduwen, israelische, kalasjnikov, bagdad, nairobi, gedovon, telel, navo, avenida, teheran, visum, arabier, buitenlandse, istanbul, oekrainer, consulaat, attache, kremlin, intelligence, sovjet, kiev, syrisch, toyota, bosporus, inlichtingen, pantsren, kalasjnikovs
81	33	minneapolis, minnesota, paul, hulpsheriffs, wisconsin, kentekennummer, politiemen, twin, smeris, mississippi, hulpsheriff, zestal, flower, county, fbi, highway, smeriss, verkeerspolitie, moordzaken, patrouillewagen, channel, interstate, lexus, legitimatie, korpschef, patrouillewag, geluiddemper, anatoom, schietpartij, gelul, handwapen, signalement, mexicaan, federaal, patholoog, kogelvrij, ouweheer, zwaargebouwen, taurus, kansas, missouri, benzinestation, nylon, iowa, sheriff, fbiagent, politiewerk, louis, marihuana, staatspolitie
82	32	schrijfbureau, eensklaps, schier, straatweg, dat, nog, wel, zoeven, hervaten, jongmens, sedert, aberdeen, gaarne, asjeblieft, armstoel, nationale, elkander, wat, zoldering, bolhoed, quai, marseille, hem, ergo, breedvoerig, gevolgtrekking, gedachtengang, hoofdinspecteur, beduiden, provencaals, vernuftig, harer, teneinde, mijnheer, dunken, derhalve, bezwaarlijk, aanstonds, alias, renault, onverwijld, thans, luguber, yard, alsmede, deftigheid, scotland, ure, telegram, zo
83	32	silo, mechanica, knox, server, sensor, controlekamer, opper, vii, solo, ziekenboeg, schoonmaak, apparaa, portaal, blauwdruk, ploegendienst, detector, sloven, sector, kwadraat, keizerrijk, metalig, bunker, ruis, mission, gebroken, outsider, rechthoek, sloof, labyrint, executeren, reservoir, klinknagel, barak, scanner, celdeur, sensour, controller, controlepaneel, machinerie, controlepost, elder, machinekamer, generator, overalls, rammelden, pixel, schoonmaker, cellenblok, straling, tussenruimte
84	32	geleider, surrogaat, bederf, schraapt, knipper, deins, fronst, baarten, werp, fluister, gebaart, snuifen, hertogin, vrouwe, verstijf, stokt, slaak, staarten, fluistert, krult, grinnikt, hofdame, onthult, vang, hapt, gloeit, echoot, glip, rolt, koninginn, aarzel, tuur, tuuren, grijnst, deinst, wend, dept, omdraai, werkkamp, wachter, hef, torent, buldren, hoveling, snoren, wrijft, aankijk, bondgenootschap, draien, merkteken
85	30	kastelein, zo, artis, amsterdammer, zeer, iii, precieus, jenever, welgemoed, offreren, heertje, blijkens, tapkast, ledigen, goedig, dat, tap, eens, ie, mekaar, weerom, jongmens, rijksdaalder, binnentreden, schreien, volzin, neen, leidseplein, amsterdams, effe, kalverstraat, aanstonds, teneinde, placht, vrind, letterkundig, landerig, ochtendblad, opoe, elkander, zoveel, schuw, hongerwinter, als, grijsaard, schuldeloos, iv, heeft, vadsig, thans
86	29	bomaanslag, noordkust, rice, hara, beroeps, moordenares, alto, herald, cia, doorkijkspiegel, wood, portsmouth, maine, schaduwen, bass, pikhouweel, schouderholster, godallemachtig, massachusetts, doorschoten, laos, inklemlen, attachekoffer, ciaagent, vietnamees, scotland, aangezwollen, coast, view, typemachine, bureaucraat, overheiddienst, tweedjas, politiefoto, ongekamd, klautren, gevangeniscel, telefooncel, honderdtachtig, shepherd, glasscheraf, police, voorbijtrok, initia, kluitje, crime, citroen, spiegelglas, halfautomatisch, affairs
87	28	boeddhistisch, meditatie, boeddhisme, tibetaans, inherent, boeddhist, boeddha, spirituel, mediteren, fundamentel, spiritualiteit, beoefenaar, lama, gehechtheid, geestestoestand, beoefenen, mededogen, meditatief, compassie, nastreven, zienswijze, mens, cultiveren, tibet, evenzo, onderkennen, lering, individuen, seculier, cognitief, altruisme, onthechting, aartsbisschop, empathie, afhankelijkheid, onbaatzuchtig, voortvloeien, mindfulness, definieren, welbevinden, hulpbronn, ervaaren, conceptueel, ethiek, indias, menselijkheid, perceptie, zingeving, gezichtspunt, leerstelling
88	24	herengracht, arbeiderspers, bv, nur, splijt, other, ijl, zwerk, druppelt, bedding, sluis, loof, einder, ontsteekken, polder, parool, without, windstil, lies, teloor, oostenwind, klavier, bazuin, onmachtig, bladzij, ginds, luwte, verhalenbundel, herdrukt, welt, zwelen, verpulveren, vlmen, wonderbaar, verveelvoudigen, scheep, aus, verglijden, kleeft, any, brokkelig, kromme, temen, jaagt, beethoven, kadaver, gloeit, onbegrep, nrc, beukt
89	24	kaapstad, fok, johannesburg, afrikaanse, kaaps, kaap, kleurling, afrikaans, valk, apartheid, fokking, table, african, bukt, basgitaar, afrika, zimbabwe, opschuden, zuid, kijkt, please, bakkie, krabt, cobra, brigadier, operator, pay, zakt, gebaart, view, hoofdinspecteur, kenteken, ritst, drukt, steekt, verkeersagent, leunmen, lafayette, blaft, jezusnaam, motherfucker, baarten, tuurt, mozambique, dienstpistool, geluiddemper, depot, veegt, brother, cop
90	24	manege, halster, hoofdstel, hoefslag, singel, draf, zadelen, galop, rijbaan, bodywarmer, hinniken, doei, briesten, beginner, pfff, paddock, voerbak, galoppeeren, achterben, stijgbeugel, woensdagmiddag, paardrijles, supergoed, meiden, staldeur, stijgbeugels, fantasy, stalling, dressuur, draaft, schooltas, rijles, sinas, bagagedrager, boxen, steigeren, ssst, rijbroek, afstijgen, lesuur, voorben, memory, fietsenstalling, roept, ukkie, zakgeld, gym, hai, hup, tof
91	24	ash, sterfelijk, halfbloed, banneling, scepter, toverkracht, kobold, sater, mensenwereld, doorns, spichtig, panne, sneeuwbal, ijspegel, troonzaal, elfen, krioelden, bepantsering, slagtand, woestenij, doornstruik, balde, metalig, paddenstoel, vrouwe, snorhaar, doorsteken, skeletachtig, trol, kromme, knorde, verschrompelde, wapenuitrusting, orakel, diepe, haarbal, knoestig, ethan, bug, bloeddorstig, moordlustig, blikkerden, tandwielen, bosrand, gifgroen, kartelen, raderwerk, kraaloogjes, kwijl, verrotting
92	24	ginder, mensch, menschen, weenen, ge, elkander, voorstad, triestig, neen, zoudlen, onzer, zijt, peinsken, socialist, mijner, zot, goesting, peinst, werkvolk, niemendal, bezieen, gazet, vooraleer, harer, stilaan, moogt, geraken, vlaams, frank, socialistisch, dagblad, schreien, feuilleton, miserie, verwittigen, romanschrijver, hunn, eene, weekblad, proza, abel, schoolmeester, kleinen, zoudt, thans, langen, letterkundig, neerschrijven, vertelling, cinema
93	23	vista, mar, worth, industries, rafes, rafe, gazette, braderie, tennisclub, overname, chase, hannah, tennis, eindexamenjaar, kustweg, portierraam, klip, bestaat, punch, zakenrelatie, stiefbroer, foundation, vasthoudendheid, valentijnsdag, moderniseren, boekpresentatie, tuintafel, opengeklapte, zinnenprikkelen, beginjaar, lunchafspraak, schoolbal, becijferen, aardje, californische, reine, onvervuld, knullig, oostkust, again, ommekeer, dempte, pr, berispte, vrijwilligster, zilverblon, beltoon, gala, cameron, onbevredigen
94	19	speurder, kloot, schelde, gerechtshof, kilogram, heu, kloten, tiens, lader, processen, antwerpen, smeerlapperij, linkeroever, allez, teelbal, stofjas, da, filmacteur, brussels, parking, antwerps, personen, snot, nochtans, klasseren, oostende, job, viagra, rijkswacht, hazenlip, verbaal, flik, cinema, komaan, opel, kleenex, drukletter, dienstpistool, hahaha, crapuul, lijkenhuis, vooraleer, kleeft, bakkes, decibel, plezant, gelieve, schroeft, combi, soit
